https://www.leafhomewatersolutions.com/about-us/,https://www.leafhome.com/about,301
https://www.leafhomewatersolutions.com/about/,https://www.leafhome.com/about,301
https://www.leafhomewatersolutions.com/about-us/l/,https://www.leafhome.com/about,301
https://www.leafhomewatersolutions.com/blog,https://www.leafhome.com/blog/water-solutions,301
https://www.leafhomewatersolutions.com/blog/,https://www.leafhome.com/blog/water-solutions,301
https://www.leafhomewatersolutions.com/blog/water-faqs/how-tos/,https://www.leafhome.com/blog/water-solutions,301
https://www.leafhomewatersolutions.com/blog/how-tos/,https://www.leafhome.com/blog/water-solutions,301
https://www.leafhomewatersolutions.com/blog/water-faqs/hard-water/,https://www.leafhome.com/blog/water-solutions,301
https://www.leafhomewatersolutions.com/blog/hard-water-101/,https://www.leafhome.com/blog/water-solutions,301
https://www.leafhomewatersolutions.com/blog/water-faqs/hard-water-101/s/,https://www.leafhome.com/blog/water-solutions,301
https://www.leafhomewatersolutions.com/blog/water-faqs/hard-water-101/,https://www.leafhome.com/blog/water-solutions,301
https://www.leafhomewatersolutions.com/blog/water-faqs/ask-the-experts/,https://www.leafhome.com/blog/water-solutions,301
https://www.leafhomewatersolutions.com/blog/ask-the-experts/,https://www.leafhome.com/blog/water-solutions,301
https://www.leafhomewatersolutions.com/blog/leaf-home-culture/sustainability/,https://www.leafhome.com/blog/water-solutions,301
https://www.leafhomewatersolutions.com/blog/sustainability/,https://www.leafhome.com/blog/water-solutions,301
https://www.leafhomewatersolutions.com/blog/leaf-home-culture/employee-culture/,https://www.leafhome.com/blog/water-solutions,301
https://www.leafhomewatersolutions.com/blog/leaf-home-culture/,https://www.leafhome.com/blog/water-solutions,301
https://www.leafhomewatersolutions.com/blog/innovative-products/water-softening-and-filtration/,https://www.leafhome.com/blog/water-solutions,301
https://www.leafhomewatersolutions.com/blog/benefits-of-better-water/home-and-health/,https://www.leafhome.com/blog/water-solutions,301
https://www.leafhomewatersolutions.com/blog/benefits-of-better-water/beauty/,https://www.leafhome.com/blog/water-solutions,301
https://www.leafhomewatersolutions.com/sustainability/5-little-known-ways-to-be-more-sustainable-with-how-you-use-water/,https://www.leafhome.com/blog/water-solutions/5-little-known-ways-to-be-more-sustainable-with-how-you-use-water,301
https://www.leafhomewatersolutions.com/blog/5-little-known-ways-to-be-more-sustainable-with-how-you-use-water/,https://www.leafhome.com/blog/water-solutions/5-little-known-ways-to-be-more-sustainable-with-how-you-use-water,301
https://www.leafhomewatersolutions.com/blog/6-signs-hard-water-problems/,https://www.leafhome.com/blog/water-solutions/6-signs-hard-water-problems,301
https://www.leafhomewatersolutions.com/blog/6-hard-water-signs/,https://www.leafhome.com/blog/water-solutions/6-signs-hard-water-problems,301
https://www.leafhomewatersolutions.com/blog/home-and-health/a-checklist-get-your-home-ready-for-sale/,https://www.leafhome.com/blog/water-solutions/a-checklist-get-your-home-ready-for-sale,301
https://www.leafhomewatersolutions.com/blog/are-water-solutions-right-for-me/,https://www.leafhomewatersolutions.com/blog/are-water-solutions-right-for-me/,301
https://www.leafhomewatersolutions.com/blog/water-faqs/hard-water-101/are-water-solutions-right-for-me/,https://www.leafhome.com/blog/water-solutions/are-water-solutions-right-for-me,301
https://www.leafhomewatersolutions.com/sustainability/are-water-solutions-right-for-me/,https://www.leafhome.com/blog/water-solutions/are-water-solutions-right-for-me,301
https://www.leafhomewatersolutions.com/blog/can-drinking-water-help-you-lose-weight/,https://www.leafhome.com/blog/water-solutions/can-drinking-water-help-you-lose-weight,301
https://www.leafhomewatersolutions.com/blog/benefits-of-better-water/city-water-vs-well-water-why-it-matters/,https://www.leafhome.com/blog/water-solutions/city-water-vs-well-water-why-it-matters,301
https://www.leafhomewatersolutions.com/blog/water-faqs/hard-water-101/city-water-vs-well-water-why-it-matters/,https://www.leafhome.com/blog/water-solutions/city-water-vs-well-water,301
https://www.leafhomewatersolutions.com/ask-the-experts/city-water-vs-well-water-why-it-matters/,https://www.leafhome.com/blog/water-solutions/city-water-vs-well-water,301
https://www.leafhomewatersolutions.com/blog/city-water-vs-well-water/,https://www.leafhome.com/blog/water-solutions/city-water-vs-well-water,301
https://www.leafhomewatersolutions.com/blog/ask-the-experts/consumer-water-survey-reveals-home-water-testing-gap/,https://www.leafhome.com/blog/water-solutions/consumer-water-survey-reveals-home-water-testing-gap,301
https://www.leafhomewatersolutions.com/water-softening-and-filtration/filtered-water-not-just-for-humans/,https://www.leafhome.com/blog/water-solutions/filtered-water-not-just-for-humans,301
https://www.leafhomewatersolutions.com/blog/benefits-of-better-water/home-and-health/filtered-water-not-just-for-humans/,https://www.leafhome.com/blog/water-solutions/filtered-water-not-just-for-humans,301
https://www.leafhomewatersolutions.com/blog/filtered-water-not-just-for-humans/,https://www.leafhome.com/blog/water-solutions/filtered-water-not-just-for-humans,301
https://www.leafhomewatersolutions.com/blog/hard-water-and-home-cooked-meals-the-chemistry-behind-flavor/,https://www.leafhome.com/blog/water-solutions/hard-water-and-home-cooked-meals-the-chemistry-behind-flavor,301
https://www.leafhomewatersolutions.com/hard-water-101/hard-water-beauty/,https://www.leafhome.com/blog/water-solutions/hard-water-beauty,301
https://www.leafhomewatersolutions.com/blog/benefits-of-better-water/beauty/hard-water-beauty/,https://www.leafhome.com/blog/water-solutions/hard-water-beauty,301
https://www.leafhomewatersolutions.com/blog/hard-water-beauty/,https://www.leafhome.com/blog/water-solutions/hard-water-beauty,301
https://www.leafhomewatersolutions.com/blog/water-faqs/how-tos/how-do-i-know-if-i-have-hard-water/,https://www.leafhome.com/blog/water-solutions/how-do-i-know-if-i-have-hard-water,301
https://www.leafhomewatersolutions.com/blog/how-do-i-know-if-i-have-hard-water/,https://www.leafhome.com/blog/water-solutions/how-do-i-know-if-i-have-hard-water,301
https://www.leafhomewatersolutions.com/hard-water-101/how-do-i-know-if-i-have-hard-water/,https://www.leafhome.com/blog/water-solutions/how-do-i-know-if-i-have-hard-water,301
https://www.leafhomewatersolutions.com/blog/how-to-celebrate-national-water-quality-month/,https://www.leafhome.com/blog/water-solutions/how-to-celebrate-national-water-quality-mont,301
https://www.leafhomewatersolutions.com/blog/how-to-declutter-your-home/,https://www.leafhome.com/blog/water-solutions/how-to-declutter-your-home,301
https://www.leafhomewatersolutions.com/blog/how-to-maintain-your-water-softener-7-essential-tips/,https://www.leafhome.com/blog/water-solutions/how-to-maintain-your-water-softener-7-essential-tips,301
https://www.leafhomewatersolutions.com/blog/water-faqs/how-tos/how-to-make-snow-ice-safe-for-drinking/,https://www.leafhome.com/blog/water-solutions/how-to-make-snow-ice-safe-for-drinking,301
https://www.leafhomewatersolutions.com/how-tos/how-to-make-snow-ice-safe-for-drinking/,https://www.leafhome.com/blog/water-solutions/how-to-make-snow-ice-safe-for-drinking,301
https://www.leafhomewatersolutions.com/blog/how-to-make-snow-ice-safe-for-drinking/,https://www.leafhome.com/blog/water-solutions/how-to-make-snow-ice-safe-for-drinking,301
https://www.leafhomewatersolutions.com/blog/most-common-types-of-water-treatment/,https://www.leafhome.com/blog/water-solutions/most-common-types-of-water-treatment,301
https://www.leafhomewatersolutions.com/blog/reverse-osmosis-how-it-works/,https://www.leafhome.com/blog/water-solutions/reverse-osmosis-how-it-works,301
https://www.leafhomewatersolutions.com/blog/rotten-egg-smell-sulfur-water/,https://www.leafhome.com/blog/water-solutions/rotten-egg-smell-sulfur-water,301
https://www.leafhomewatersolutions.com/blog/beauty/step-up-your-self-care-how-water-affects-your-skin-hair-and-nails/,https://www.leafhome.com/blog/water-solutions/step-up-your-self-care-how-water-affects-your-skin-hair-and-nails,301
https://www.leafhomewatersolutions.com/blog/the-hard-truth-how-do-salt-free-water-softeners-work/,https://www.leafhome.com/blog/water-solutions/the-hard-truth-how-do-salt-free-water-softeners-wor,301
https://www.leafhomewatersolutions.com/blog/benefits-of-better-water/the-hard-truth-how-do-salt-free-water-softeners-work/,https://www.leafhome.com/blog/water-solutions/the-hard-truth-how-do-salt-free-water-softeners-wor,301
https://www.leafhomewatersolutions.com/blog/home-and-health/water-quality-the-importance-of-home-water-testing/,https://www.leafhome.com/blog/water-solutions/water-quality-the-importance-of-home-water-testing,301
https://www.leafhomewatersolutions.com/blog/the-worlds-universal-solvent/,https://www.leafhome.com/blog/water-solutions/water-softening-and-filtration/the-worlds-universal-solvent,301
https://www.leafhomewatersolutions.com/resources/careers/call-center-representative/,https://www.leafhome.com/careers,301
https://www.leafhomewatersolutions.com/resources/careers/sales/,https://www.leafhome.com/careers,301
https://www.leafhomewatersolutions.com/resources/careers/installation/,https://www.leafhome.com/careers,301
https://www.leafhomewatersolutions.com/contact/,https://www.leafhome.com/contact-us,301
https://www.leafhomewatersolutions.com/about/water-test,https://www.leafhome.com/water-solutions,301
https://www.leafhomewatersolutions.com/solutions/,https://www.leafhome.com/water-solutions,301
https://www.leafhomewatersolutions.com/products,https://www.leafhome.com/water-solutions,301
https://www.leafhomewatersolutions.com/solutions,https://www.leafhome.com/water-solutions,301
https://www.leafhomewatersolutions.com/process,https://www.leafhome.com/water-solutions,301
https://www.leafhomewatersolutions.com/frequently-asked-questions/,https://www.leafhome.com/water-solutions,301
https://www.leafhomewatersolutions.com/process/,https://www.leafhome.com/water-solutions/installation,301
https://www.leafhomewatersolutions.com/resources/frequently-asked-questions/,https://www.leafhome.com/water-solutions/resources,301
https://www.leafhomewatersolutions.com/about-us/faq/,https://www.leafhome.com/water-solutions/resources,301
https://www.leafhomewatersolutions.com/discover/product/water-softeners/,https://www.leafhome.com/water-solutions/water-softening-systems/water-softeners,301
https://www.leafhomewatersolutions.com/discover/product/water-softener/,https://www.leafhome.com/water-solutions/water-softening-systems/water-softeners,301
https://www.leafhomewatersolutions.com/water-softeners/,https://www.leafhome.com/water-solutions/water-softening-systems/water-softeners,301
https://www.leafhomewatersolutions.com/blog/water-softening-and-filtration/,https://www.leafhome.com/blog/water-solutions,301
https://www.leafhomewatersolutions.com/blog/water-softening-and-filtration/5-little-known-ways-to-be-more-sustainable-with-how-you-use-water/,https://www.leafhome.com/blog/water-solutions/5-little-known-ways-to-be-more-sustainable-with-how-you-use-water,301
https://www.leafhomewatersolutions.com/blog/water-softening-and-filtration/6-signs-hard-water-problems/,https://www.leafhome.com/blog/water-solutions/6-signs-hard-water-problems,301
https://www.leafhomewatersolutions.com/blog/ask-the-experts/a-checklist-get-your-home-ready-for-sale/,https://www.leafhome.com/blog/water-solutions/a-checklist-get-your-home-ready-for-sale,301
https://www.leafhomewatersolutions.com/blog/water-softening-and-filtration/are-water-solutions-right-for-me/,https://www.leafhome.com/blog/water-solutions/are-water-solutions-right-for-me,301
https://www.leafhomewatersolutions.com/blog/hard-water-101/are-water-solutions-right-for-me/,https://www.leafhome.com/blog/water-solutions/are-water-solutions-right-for-me,301
https://www.leafhomewatersolutions.com/blog/water-softening-and-filtration/can-drinking-water-help-you-lose-weight/,https://www.leafhome.com/blog/water-solutions/can-drinking-water-help-you-lose-weight,301
https://www.leafhomewatersolutions.com/blog/water-softening-and-filtration/city-water-vs-well-water-why-it-matters/,https://www.leafhome.com/blog/water-solutions/city-water-vs-well-water-why-it-matters,301
https://www.leafhomewatersolutions.com/blog/hard-water-101/city-water-vs-well-water-why-it-matters/,https://www.leafhome.com/blog/water-solutions/city-water-vs-well-water,301
https://www.leafhomewatersolutions.com/blog/city-water-vs-well-water-why-it-matters/,https://www.leafhome.com/blog/water-solutions/city-water-vs-well-water,301
https://www.leafhomewatersolutions.com/blog/ask-the-experts/city-water-vs-well-water/,https://www.leafhome.com/blog/water-solutions/city-water-vs-well-water,301
https://www.leafhomewatersolutions.com/blog/home-and-health/consumer-water-survey-reveals-home-water-testing-gap/,https://www.leafhome.com/blog/water-solutions/consumer-water-survey-reveals-home-water-testing-gap,301
https://www.leafhomewatersolutions.com/blog/water-softening-and-filtration/filtered-water-not-just-for-humans/,https://www.leafhome.com/blog/water-solutions/filtered-water-not-just-for-humans,301
https://www.leafhomewatersolutions.com/blog/water-softening-and-filtration/hard-water-and-home-cooked-meals-the-chemistry-behind-flavor/,https://www.leafhome.com/blog/water-solutions/hard-water-and-home-cooked-meals-the-chemistry-behind-flavor,301
https://www.leafhomewatersolutions.com/blog/water-softening-and-filtration/hard-water-beauty/,https://www.leafhome.com/blog/water-solutions/hard-water-beauty,301
https://www.leafhomewatersolutions.com/blog/water-softening-and-filtration/how-do-i-know-if-i-have-hard-water/,https://www.leafhome.com/blog/water-solutions/how-do-i-know-if-i-have-hard-water,301
https://www.leafhomewatersolutions.com/blog/water-softening-and-filtration/how-to-celebrate-national-water-quality-month/,https://www.leafhome.com/blog/water-solutions/how-to-celebrate-national-water-quality-mont,301
https://www.leafhomewatersolutions.com/blog/water-softening-and-filtration/how-to-declutter-your-home/,https://www.leafhome.com/blog/water-solutions/how-to-declutter-your-home,301
https://www.leafhomewatersolutions.com/blog/water-softening-and-filtration/how-to-maintain-your-water-softener-7-essential-tips/,https://www.leafhome.com/blog/water-solutions/how-to-maintain-your-water-softener-7-essential-tips,301
https://www.leafhomewatersolutions.com/blog/water-softening-and-filtration/how-to-make-snow-ice-safe-for-drinking/,https://www.leafhome.com/blog/water-solutions/how-to-make-snow-ice-safe-for-drinking,301
https://www.leafhomewatersolutions.com/blog/water-softening-and-filtration/most-common-types-of-water-treatment/,https://www.leafhome.com/blog/water-solutions/most-common-types-of-water-treatment,301
https://www.leafhomewatersolutions.com/blog/water-softening-and-filtration/reverse-osmosis-how-it-works/,https://www.leafhome.com/blog/water-solutions/reverse-osmosis-how-it-works,301
https://www.leafhomewatersolutions.com/blog/water-softening-and-filtration/rotten-egg-smell-sulfur-water/,https://www.leafhome.com/blog/water-solutions/rotten-egg-smell-sulfur-water,301
https://www.leafhomewatersolutions.com/blog/sustainability/step-up-your-self-care-how-water-affects-your-skin-hair-and-nails/,https://www.leafhome.com/blog/water-solutions/step-up-your-self-care-how-water-affects-your-skin-hair-and-nails,301
https://www.leafhomewatersolutions.com/blog/water-softening-and-filtration/the-hard-truth-how-do-salt-free-water-softeners-work/,https://www.leafhome.com/blog/water-solutions/the-hard-truth-how-do-salt-free-water-softeners-wor,301
https://www.leafhomewatersolutions.com/blog/ask-the-experts/water-quality-the-importance-of-home-water-testing/,https://www.leafhome.com/blog/water-solutions/water-quality-the-importance-of-home-water-testing,301
https://www.leafhomewatersolutions.com/blog/water-softening-and-filtration/the-worlds-universal-solvent/,https://www.leafhome.com/blog/water-solutions/water-softening-and-filtration/the-worlds-universal-solvent,301
https://www.leafhomewatersolutions.com/about/contact/,https://www.leafhome.com/contact-us,301
https://www.leafhomewatersolutions.com/about/water-test/,https://www.leafhome.com/water-solutions,301
https://www.leafhomewatersolutions.com/products/,https://www.leafhome.com/water-solutions,301
https://www.leafhomewatersolutions.com/,https://www.leafhome.com/water-solutions,301
https://www.leafhomewatersolutions.com/faq/,https://www.leafhome.com/water-solutions,301
https://www.leafhomewatersolutions.com/about/installation/,https://www.leafhome.com/water-solutions/installation,301
https://www.leafhomewatersolutions.com/resources/faq/,https://www.leafhome.com/water-solutions/resources,301
https://www.leafhomewatersolutions.com/products/water-softener/,https://www.leafhome.com/water-solutions/water-softening-systems/water-softeners,301
https://www.leafhomewatersolutions.com/products/water-softeners/,https://www.leafhome.com/water-solutions/water-softening-systems/water-softeners,301
https://www.leafhomewatersolutions.com/products/uv/,https://www.leafhome.com/water-solutions/water-filtration-systems/uv-filtration,301
https://www.leafhomewatersolutions.com/water-sources/,https://www.leafhome.com/water-solutions,301
https://www.leafhomewatersolutions.com/water-sources/well-water-system/,https://www.leafhome.com/water-solutions/well-water-systems,301
https://www.leafhomewatersolutions.com/water-sources/city-water-system/,https://www.leafhome.com/water-solutions,301
https://www.leafhomewatersolutions.com/products/whole-home-water-system/,https://www.leafhome.com/water-solutions/water-filtration-systems/advanced-filtratio,301
https://www.leafhomewatersolutions.com/products/water-filtration/,https://www.leafhome.com/water-solutions/water-filtration-systems,301
https://www.leafhomewatersolutions.com/locations/,https://www.leafhome.com/locations,301
https://www.leafhomewatersolutions.com/resources/,https://www.leafhome.com/water-solutions/resource,301
https://www.leafhomewatersolutions.com/resources/careers/,https://www.leafhome.com/careers,301
https://www.leafhomewatersolutions.com/terms-of-use/,https://www.leafhome.com/terms-of-use,301
https://www.leafhomewatersolutions.com/products/reverse-osmosis/,https://www.leafhome.com/water-solutions/water-filtration-systems/reverse-osmosis,301
https://www.leafhomewatersolutions.com/products/water-conditioning/,https://www.leafhome.com/water-solutions/water-softening-systems/salt-free-conditioner,301
https://www.leafhomewatersolutions.com/blog/home-and-health/,https://www.leafhome.com/blog/water-solutions,301
https://www.leafhomewatersolutions.com/blog/benefits-of-better-water/,https://www.leafhome.com/blog/water-solutions,301
https://www.leafhomewatersolutions.com/blog/hydration-hacks-for-the-active-season-maximizing-performance-with-hydrated-exercise/,https://www.leafhome.com/blog/water-solutions/hydration-hacks-for-the-active-season-maximizing-performance-with-hydrated-exercise,301
https://www.leafhomewatersolutions.com/blog/home-and-health/clean-water-wellness-tips/,https://www.leafhome.com/blog/water-solutions/clean-water-wellness-tips,301
https://www.leafhomewatersolutions.com/blog/sustainability/the-conscious-hosts-guide-to-conserving-water-while-entertaining-this-holiday-season/,https://www.leafhome.com/blog/water-solutions/the-conscious-hosts-guide-to-conserving-water-while-entertaining-this-holiday-season,301
https://www.leafhomewatersolutions.com/blog/beauty/,https://www.leafhome.com/blog/water-solutions,301
https://www.leafhomewatersolutions.com/blog/innovative-products/,https://www.leafhome.com/blog/water-solutions,301
https://www.leafhomewatersolutions.com/blog/water-faqs/,https://www.leafhome.com/blog/water-solutions,301
https://www.leafhomewatersolutions.com/blog/hard-water-101/preventing-water-stains/,https://www.leafhome.com/blog/water-solutions/preventing-water-stains,301
https://www.leafhomewatersolutions.com/blog/hard-water-101/fact-check-5-common-water-softener-misconceptions/,https://www.leafhome.com/blog/water-solutions/fact-check-5-common-water-softener-misconception,301
https://www.leafhomewatersolutions.com/tag/featured/,https://www.leafhome.com/blog/water-solutions,301
https://www.leafhomewatersolutions.com/tag/home/,https://www.leafhome.com/blog/water-solutions,301
https://www.leafhomewatersolutions.com/uncategorized/,https://www.leafhome.com/blog/water-solutions,301
https://www.leafhomewatersolutions.com/uncategorized/the-secret-ingredient-for-holiday-cooking-fresh-pure-water/,https://www.leafhome.com/blog/water-solutions/the-secret-ingredient-for-holiday-cooking-fresh-pure-water,301
https://www.leafhomewatersolutions.com/tag/water/,https://www.leafhome.com/blog/water-solutions,301
https://www.leafhomewatersolutions.com/tag/water-treatment/,https://www.leafhome.com/blog/water-solutions,301
https://www.leafhomewatersolutions.com/tag/holidays/,https://www.leafhome.com/blog/water-solutions,301
https://www.leafhomewatersolutions.com/tag/water-filter/,https://www.leafhome.com/blog/water-solutions,301
https://www.leafhomewatersolutions.com/blog/uncategorized/how-water-quality-affects-alcohol-dont-let-it-ruin-your-happy-hour/,https://www.leafhome.com/blog/water-solutions/how-water-quality-affects-alcohol-dont-let-it-ruin-your-happy-hour,301
https://www.leafhomewatersolutions.com/tag/water-system/,https://www.leafhome.com/blog/water-solutions,301