https://www.leafhomesafetysolutions.com/,https://www.leafhome.com/stair-lift,301
https://www.leafhomesafetysolutions.com/about-us/,https://www.leafhome.com/about,301
https://www.leafhomesafetysolutions.com/blog/,https://www.leafhome.com/blog/stair-lift,301
https://www.leafhomesafetysolutions.com/blog/home-design/,https://www.leafhome.com/blog/stair-lift,301
https://www.leafhomesafetysolutions.com/blog/home-design/timeless-color-trend/,https://www.leafhome.com/blog/stair-lift/timeless-color-trend,301
https://www.leafhomesafetysolutions.com/blog/lifestyle-advice/,https://www.leafhome.com/blog/stair-lift,301
https://www.leafhomesafetysolutions.com/blog/lifestyle-advice/aging-in-place-specialists/,https://www.leafhome.com/blog/stair-lift/aging-in-place-specialists,301
https://www.leafhomesafetysolutions.com/blog/lifestyle-advice/hydrotherapy-benefits/,https://www.leafhome.com/blog/stair-lift/hydrotherapy-benefits,301
https://www.leafhomesafetysolutions.com/blog/lifestyle-advice/multigenerational-homes/,https://www.leafhome.com/blog/stair-lift/multigenerational-homes,301
https://www.leafhomesafetysolutions.com/blog/lifestyle-advice/nursing-home-costs/,https://www.leafhome.com/blog/stair-lift/nursing-home-costs,301
https://www.leafhomesafetysolutions.com/blog/lifestyle-advice/senior-athletes/,https://www.leafhome.com/blog/stair-lift/senior-athletes,301
https://www.leafhomesafetysolutions.com/blog/lifestyle-advice/staycation/,https://www.leafhome.com/blog/stair-lift/staycation,301
https://www.leafhomesafetysolutions.com/blog/lifestyle-advice/sustainability/,https://www.leafhome.com/blog/stair-lift/sustainability,301
https://www.leafhomesafetysolutions.com/blog/safety-solutions/,https://www.leafhome.com/blog/stair-lift,301
https://www.leafhomesafetysolutions.com/blog/safety-solutions/home-technology/,https://www.leafhome.com/blog/stair-lift/home-technology,301
https://www.leafhomesafetysolutions.com/blog/safety-solutions/safety-and-style/,https://www.leafhome.com/blog/stair-lift/safety-and-style,301
https://www.leafhomesafetysolutions.com/blog/trending-topics/,https://www.leafhome.com/blog/stair-lift,301
https://www.leafhomesafetysolutions.com/blog/trending-topics/boomers-trading-spaces/,https://www.leafhome.com/blog/stair-lift/boomers-trading-spaces,301
https://www.leafhomesafetysolutions.com/blog/trending-topics/boomers-vs-millennials-housing/,https://www.leafhome.com/blog/stair-lift/boomers-vs-millennials-housing,301
https://www.leafhomesafetysolutions.com/blog/trending-topics/home-trends-boomers/,https://www.leafhome.com/blog/stair-lift/home-trends-boomers,301
https://www.leafhomesafetysolutions.com/blog/trending-topics/retirement-has-changed/,https://www.leafhome.com/blog/stair-lift/retirement-has-changed,301
https://www.leafhomesafetysolutions.com/blog/trending-topics/senior-instagram-influencers/,https://www.leafhome.com/blog/stair-lift/senior-instagram-influencers,301
https://www.leafhomesafetysolutions.com/blog/trending-topics/top-retirement-communities/,https://www.leafhome.com/blog/stair-lift/top-retirement-communities,301
https://www.leafhomesafetysolutions.com/careers/,https://www.leafhome.com/careers,301
https://www.leafhomesafetysolutions.com/careers/installers/,https://www.leafhome.com/careers,301
https://www.leafhomesafetysolutions.com/careers/sales/,https://www.leafhome.com/careers,301
https://www.leafhomesafetysolutions.com/contact/,https://www.leafhome.com/contact-us,301
https://www.leafhomesafetysolutions.com/licenses/,https://www.leafhome.com/licenses,301
https://www.leafhomesafetysolutions.com/locations/,https://www.leafhome.com/locations,301
https://www.leafhomesafetysolutions.com/stair-lifts/,https://www.leafhome.com/stair-lift,301
https://www.leafhomesafetysolutions.com/tub-to-shower/,https://www.leafhome.com,301
https://www.leafhomesafetysolutions.com/walk-in-tubs/,https://www.leafhome.com,301
https://www.leafhomesafetysolutions.com/service-area/west-virginia/albright/,https://www.leafhome.com/stair-lift,301
https://www.leafhomesafetysolutions.com/service-area/west-virginia/alma/,https://www.leafhome.com/stair-lift,301
https://www.leafhomesafetysolutions.com/service-area/west-virginia/anmoore/,https://www.leafhome.com/stair-lift,301
https://www.leafhomesafetysolutions.com/service-area/west-virginia/arthurdale/,https://www.leafhome.com/stair-lift,301
https://www.leafhomesafetysolutions.com/service-area/west-virginia/aurora-west-virginia/,https://www.leafhome.com/stair-lift,301
https://www.leafhomesafetysolutions.com/service-area/west-virginia/bretz/,https://www.leafhome.com/stair-lift,301
https://www.leafhomesafetysolutions.com/service-area/west-virginia/bridgeport-west-virginia/,https://www.leafhome.com/stair-lift,301
https://www.leafhomesafetysolutions.com/service-area/west-virginia/bruceton-mills/,https://www.leafhome.com/stair-lift,301
https://www.leafhomesafetysolutions.com/service-area/west-virginia/center-point/,https://www.leafhome.com/stair-lift,301
https://www.leafhomesafetysolutions.com/service-area/west-virginia/clarksburg-west-virginia/,https://www.leafhome.com/stair-lift,301
https://www.leafhomesafetysolutions.com/service-area/west-virginia/eglon/,https://www.leafhome.com/stair-lift,301
https://www.leafhomesafetysolutions.com/service-area/west-virginia/enterprise/,https://www.leafhome.com/stair-lift,301
https://www.leafhomesafetysolutions.com/service-area/west-virginia/flemington/,https://www.leafhome.com/stair-lift,301
https://www.leafhomesafetysolutions.com/service-area/west-virginia/friendly/,https://www.leafhome.com/stair-lift,301
https://www.leafhomesafetysolutions.com/service-area/west-virginia/grafton-west-virginia/,https://www.leafhome.com/stair-lift,301
https://www.leafhomesafetysolutions.com/service-area/west-virginia/gypsy/,https://www.leafhome.com/stair-lift,301
https://www.leafhomesafetysolutions.com/service-area/west-virginia/haywood/,https://www.leafhome.com/stair-lift,301
https://www.leafhomesafetysolutions.com/service-area/west-virginia/hepzibah/,https://www.leafhome.com/stair-lift,301
https://www.leafhomesafetysolutions.com/service-area/west-virginia/independence-west-virginia/,https://www.leafhome.com/stair-lift,301
https://www.leafhomesafetysolutions.com/service-area/west-virginia/kingwood/,https://www.leafhome.com/stair-lift,301
https://www.leafhomesafetysolutions.com/service-area/west-virginia/lost-creek/,https://www.leafhome.com/stair-lift,301
https://www.leafhomesafetysolutions.com/service-area/west-virginia/lumberport/,https://www.leafhome.com/stair-lift,301
https://www.leafhomesafetysolutions.com/service-area/west-virginia/masontown-west-virginia/,https://www.leafhome.com/stair-lift,301
https://www.leafhomesafetysolutions.com/service-area/west-virginia/meadowbrook/,https://www.leafhome.com/stair-lift,301
https://www.leafhomesafetysolutions.com/service-area/west-virginia/middlebourne/,https://www.leafhome.com/stair-lift,301
https://www.leafhomesafetysolutions.com/service-area/west-virginia/mount-clare/,https://www.leafhome.com/stair-lift,301
https://www.leafhomesafetysolutions.com/service-area/west-virginia/new-milton/,https://www.leafhome.com/stair-lift,301
https://www.leafhomesafetysolutions.com/service-area/west-virginia/newburg/,https://www.leafhome.com/stair-lift,301
https://www.leafhomesafetysolutions.com/service-area/west-virginia/reedsville/,https://www.leafhome.com/stair-lift,301
https://www.leafhomesafetysolutions.com/service-area/west-virginia/reynoldsville-west-virginia/,https://www.leafhome.com/stair-lift,301
https://www.leafhomesafetysolutions.com/service-area/west-virginia/rosemont/,https://www.leafhome.com/stair-lift,301
https://www.leafhomesafetysolutions.com/service-area/west-virginia/rowlesburg/,https://www.leafhome.com/stair-lift,301
https://www.leafhomesafetysolutions.com/service-area/west-virginia/salem-west-virginia/,https://www.leafhome.com/stair-lift,301
https://www.leafhomesafetysolutions.com/service-area/west-virginia/shinnston/,https://www.leafhome.com/stair-lift,301
https://www.leafhomesafetysolutions.com/service-area/west-virginia/shirley/,https://www.leafhome.com/stair-lift,301
https://www.leafhomesafetysolutions.com/service-area/west-virginia/simpson/,https://www.leafhome.com/stair-lift,301
https://www.leafhomesafetysolutions.com/service-area/west-virginia/sistersville/,https://www.leafhome.com/stair-lift,301
https://www.leafhomesafetysolutions.com/service-area/west-virginia/smithburg/,https://www.leafhome.com/stair-lift,301
https://www.leafhomesafetysolutions.com/service-area/west-virginia/spelter/,https://www.leafhome.com/stair-lift,301
https://www.leafhomesafetysolutions.com/service-area/west-virginia/terra-alta/,https://www.leafhome.com/stair-lift,301
https://www.leafhomesafetysolutions.com/service-area/west-virginia/thornton-west-virginia/,https://www.leafhome.com/stair-lift,301
https://www.leafhomesafetysolutions.com/service-area/west-virginia/tunnelton/,https://www.leafhome.com/stair-lift,301
https://www.leafhomesafetysolutions.com/service-area/west-virginia/wallace/,https://www.leafhome.com/stair-lift,301
https://www.leafhomesafetysolutions.com/service-area/west-virginia/west-milford/,https://www.leafhome.com/stair-lift,301
https://www.leafhomesafetysolutions.com/service-area/west-virginia/west-union/,https://www.leafhome.com/stair-lift,301
https://www.leafhomesafetysolutions.com/service-area/west-virginia/wyatt/,https://www.leafhome.com/stair-lift,301
https://www.leafhomesafetysolutions.com/leaf-home-safety-solutions-licenses/,https://www.leafhome.com/licenses,301
https://www.leafhomesafetysolutions.com/recruitingQR/,https://www.leafhome.com/careers,301
https://www.leafhomesafetysolutions.com/installer/,https://www.leafhome.com/careers,301